SKU,Broken 1,Broken 2,Broken 3,Broken 4,Broken 5,Broken 6,Broken 7,Broken 8,Broken 9
24387004,https://www.staples-3p.com/s7/is/image/Staples/sp59847888_sc7 did not return a 200 status code or valid content-type.,https://www.staples-3p.com/s7/is/image/Staples/sp59847904_sc7 did not return a 200 status code or valid content-type.,https://www.staples-3p.com/s7/is/image/Staples/sp59847890_sc7 did not return a 200 status code or valid content-type.,https://www.staples-3p.com/s7/is/image/Staples/sp59847787_sc7 did not return a 200 status code or valid content-type.
24387005,https://www.staples-3p.com/s7/is/image/Staples/sp59847893_sc7 did not return a 200 status code or valid content-type.,https://www.staples-3p.com/s7/is/image/Staples/sp59847892_sc7 did not return a 200 status code or valid content-type.,https://www.staples-3p.com/s7/is/image/Staples/sp59847894_sc7 did not return a 200 status code or valid content-type.,https://www.staples-3p.com/s7/is/image/Staples/sp59847891_sc7 did not return a 200 status code or valid content-type.
24508093,https://www.staples-3p.com/s7/is/image/Staples/sp160494247_sc7 did not return a 200 status code or valid content-type.,https://www.staples-3p.com/s7/is/image/Staples/sp160494254_sc7 did not return a 200 status code or valid content-type.
24508126,https://www.staples-3p.com/s7/is/image/Staples/sp160494174_sc7 did not return a 200 status code or valid content-type.
24527554,https://www.staples-3p.com/s7/is/image/Staples/sp167908335_sc7 did not return a 200 status code or valid content-type.
24527528,https://www.staples-3p.com/s7/is/image/Staples/sp167908306_sc7 did not return a 200 status code or valid content-type.
24527596,https://www.staples-3p.com/s7/is/image/Staples/sp167824984_sc7 did not return a 200 status code or valid content-type.
24527542,https://www.staples-3p.com/s7/is/image/Staples/sp167825273_sc7 did not return a 200 status code or valid content-type.
24527517,https://www.staples-3p.com/s7/is/image/Staples/sp168368062_sc7 did not return a 200 status code or valid content-type.
24527537,https://www.staples-3p.com/s7/is/image/Staples/sp167656210_sc7 did not return a 200 status code or valid content-type.
24515739,https://www.staples-3p.com/s7/is/image/Staples/sp155729326_sc7 did not return a 200 status code or valid content-type.
